,#gen,xbest,f(xbest),eval
0,1,"[-3.89622948 -4.31929707 -2.67672645 -1.22398989 -0.44370766 -2.56544129
 -2.98704445  2.40254743 -2.43387369  0.5643162 ]",70.21517520817517,256
1,2,"[-2.40754033 -3.37794931 -0.90333341 -3.3811711   0.07873472 -3.49471569
 -1.59001991  1.76420341 -2.26956838  0.93697424]",53.343796431224334,512
2,3,"[-1.89278145 -2.56900265 -1.07426288 -2.89072545 -0.35670769 -3.18275167
 -1.82818413  1.82184418 -1.81253422  1.12804735]",41.16902368906044,768
3,4,"[-1.67361829 -2.48387848 -1.24633577 -2.8389648  -0.52933533 -2.76201084
 -1.63746404  1.32645505 -1.17657089  1.1931301 ]",33.74127422232329,1024
4,5,"[-1.30240745 -1.99868459 -0.77379788 -1.82090939 -0.43775562 -2.42674358
 -1.2825912   1.29859367 -1.43121641  1.29650681]",22.746889770208135,1280
5,6,"[-0.60420945 -2.33843526 -0.12038175 -1.75201084  0.26022457 -1.55375978
 -1.21393941  1.12845219 -1.31313624  0.94668159]",16.766854568599413,1536
6,7,"[-0.5294197  -1.08797172 -0.57216865 -1.13441164  0.55385098 -1.40394802
 -0.76043636  0.97693068 -0.97999637  0.96823355]",8.786581498348305,1792
7,8,"[ 0.12366045 -0.69678626 -0.2002572  -0.88201045  1.13668845 -1.44694735
 -0.41387993  0.10024668 -0.58215674  0.34387931]",5.343071080827072,2048
8,9,"[-0.16020755 -0.61420759 -0.0836942  -0.70063617  0.43385991 -0.60917222
 -0.67722329  0.70322341 -0.40757942  0.50527359]",2.834715344862007,2304
9,10,"[ 0.29594367 -0.26869291 -0.37729665 -0.54114606  0.03566921 -0.54121656
 -0.0898309   0.53180969 -0.03458853  0.40735966]",1.3471874156321357,2560
10,11,"[ 0.10588007 -0.47559823 -0.43905269  0.11681824 -0.0195963  -0.03744799
 -0.29632221  0.04521594  0.14988172  0.27982296]",0.6362211542422288,2816
11,12,"[ 0.31058667 -0.07427209 -0.2058592  -0.11847761 -0.10771242 -0.11827048
 -0.22640999  0.06103063 -0.00416869 -0.19583448]",0.2773399912195131,3072
12,13,"[ 0.05323338 -0.09414776 -0.37287684 -0.10653898 -0.11341596  0.19461297
  0.01523754 -0.1398481   0.07322676 -0.06266342]",0.2419012081813823,3328
13,14,"[-0.00980216 -0.0652165   0.16948172  0.12217494 -0.26379066 -0.1296434
 -0.02174108  0.19283698  0.15026051  0.07250944]",0.19988757947490648,3584
14,15,"[-0.26750747 -0.08420667 -0.24160329 -0.09635861 -0.18893866  0.12333504
 -0.06643765 -0.09843631 -0.05557638 -0.17631874]",0.24549819531412578,3840
15,16,"[-0.12335301  0.07593184  0.01284625 -0.11943565 -0.28769192 -0.0401459
  0.1296179  -0.1177716  -0.03588456 -0.07675685]",0.15764011079542234,4096
16,17,"[-0.05032664  0.10487719  0.03836228  0.13305274 -0.30380909 -0.0202451
 -0.05469024 -0.20450243  0.04268077  0.29811013]",0.2609200837594763,4352
17,18,"[-0.08554871 -0.06773916 -0.17885984  0.00736545 -0.24491677  0.13636902
  0.295       0.06082484 -0.22952112 -0.1703992 ]",0.29497349440620935,4608
18,19,"[ 0.08359857 -0.06373462 -0.34360254 -0.03303528 -0.16421284  0.13326107
 -0.07470305  0.20368814 -0.03638004 -0.09933355]",0.23318929515000741,4864
19,20,"[ 0.14471794 -0.01100868 -0.12782064 -0.238636   -0.17911829 -0.08417253
  0.03346047 -0.09864374  0.04671328 -0.00224585]",0.1465554685796318,5120
20,21,"[ 0.00492393 -0.07877058  0.15722508  0.46819574  0.01402472 -0.16543128
  0.00614035 -0.04032038 -0.11124519 -0.00768934]",0.29181827661982856,5376
21,22,"[ 0.12636902 -0.1804414   0.25661135  0.04122754  0.11261858 -0.06070334
 -0.09746339  0.08350457  0.08119673  0.04915554]",0.157926465150705,5632
22,23,"[ 0.01239237 -0.01536117  0.15735144  0.00786395 -0.29607036  0.15758654
 -0.03218654  0.35495191  0.01942136  0.09564922]",0.2742548209136763,5888
23,24,"[-0.02624035  0.06512458  0.19228648  0.14625016 -0.37724582  0.16314825
 -0.24802436  0.01462948 -0.12571548  0.06336652]",0.31377452667299516,6144
24,25,"[-0.04772566 -0.2254616  -0.01653911 -0.26323219 -0.1191655   0.16137124
 -0.19320583 -0.23117571  0.11689903  0.07418412]",0.2728558630212828,6400
25,26,"[ 0.19393081  0.00130142 -0.09553666 -0.1622828   0.0730337  -0.21303479
  0.08837727 -0.01519117  0.1066197  -0.07981192]",0.14957057552285,6656
26,27,"[-0.15052496 -0.1141169  -0.00125493  0.17718494  0.05420962 -0.26556002
 -0.02275436  0.29605492 -0.15538804 -0.12075378]",0.26743051381184585,6912
27,28,"[-0.04183734  0.06339886 -0.17753514  0.15512814 -0.21909564  0.02061253
 -0.24695501  0.20188839 -0.10980302 -0.10322827]",0.23423949591740095,7168
28,29,"[ 0.08538011 -0.06137694  0.13765538  0.02637729 -0.03435629  0.20991961
 -0.00443721 -0.29755653 -0.06217673  0.17603972]",0.19936376035323986,7424
29,30,"[-0.17907835  0.00246866  0.00671433 -0.03518181  0.14667806 -0.12601836
 -0.07241243 -0.1609055   0.06487672 -0.01491158]",0.10631855781479786,7680
30,31,"[ 0.04515543  0.1578678   0.15227561  0.1072276  -0.09266574  0.04815593
 -0.14651293 -0.00501423  0.31387479 -0.11081056]",0.20484035439642143,7936
31,32,"[ 0.07807307 -0.05174095  0.36641127  0.05244867 -0.06320037 -0.04150328
 -0.16866112 -0.07569594  0.12151099  0.01793753]",0.20076054701825466,8192
32,33,"[-0.01576113  0.137435   -0.08775502  0.16760632  0.21670627 -0.10953961
 -0.04666993 -0.10482715  0.16518199 -0.10052612]",0.16444755269597025,8448
33,34,"[-0.12521733 -0.00329605 -0.05716089  0.04422451 -0.27079546 -0.10701377
 -0.06275523  0.15127788  0.03638137 -0.0595607 ]",0.13738984579003338,8704
34,35,"[ 0.17876943 -0.14228498  0.07684644  0.11129152  0.15516574 -0.05313257
  0.21719722 -0.03054107 -0.01792186 -0.09337924]",0.15454244489421728,8960
35,36,"[ 0.14591173  0.00558873 -0.05487215  0.28822027  0.05084015 -0.04807679
  0.01105796 -0.04439746 -0.20248575  0.16017455]",0.18104922439701224,9216
36,37,"[ 0.04032132  0.08784168 -0.15230997  0.24295984  0.08731247 -0.1085142
 -0.06371681 -0.10374826 -0.28554623  0.11346437]",0.22020291856057297,9472
37,38,"[-0.19172891  0.00125906 -0.10074314 -0.1065857  -0.08047419  0.02941639
  0.00305534 -0.10525207 -0.05430657  0.40373294]",0.24264949228594168,9728
38,39,"[-0.16675769  0.16160988  0.04991703 -0.11939099 -0.09009938  0.08648647
 -0.1955088  -0.40238537 -0.0860568   0.13635378]",0.31240541013052603,9984
39,40,"[ 0.08703788  0.14382494 -0.05704587 -0.07388925  0.05546649 -0.40876031
 -0.30122489 -0.04924287 -0.09104395  0.09349382]",0.3173279667314985,10240
40,41,"[ 0.20033793  0.16594242 -0.18736373  0.08190384  0.09629286 -0.19630358
 -0.02026245  0.29593789  0.00135637  0.03511487]",0.24651768527056356,10496
41,42,"[-0.25329184 -0.1662271  -0.0578255  -0.1552426   0.05197686  0.14801856
  0.100952    0.3092984  -0.02319763  0.23097366]",0.3035871108467649,10752
42,43,"[-0.03948181  0.08083323  0.03630266 -0.0221384  -0.37989673  0.02337724
 -0.07741341  0.22663401  0.01665892  0.07069281]",0.217399638168366,11008
43,44,"[-0.03628868  0.02294221 -0.31426349 -0.15926122 -0.11727446 -0.0040193
 -0.00536344  0.1433541   0.06900012  0.0277577 ]",0.1658490159929747,11264
44,45,"[-0.2851418   0.19052004  0.03465468  0.08990902 -0.20363055 -0.0066267
  0.14819442 -0.02917228 -0.05100573  0.21904665]",0.24179325364610743,11520
45,46,"[ 0.13894245 -0.15780323 -0.22658434  0.02619323  0.17958864  0.00475311
 -0.10266322 -0.22650877  0.25266579 -0.13601067]",0.2726929483952827,11776
46,47,"[-0.02450741 -0.10874451 -0.02499955 -0.09640563 -0.31497653  0.16285279
 -0.04999157 -0.00943185  0.14036365 -0.19759982]",0.20941200519070152,12032
47,48,"[ 0.04757982  0.28367597  0.32702099  0.29683356 -0.07742576 -0.01456712
 -0.01339632  0.04622376 -0.00887873 -0.04506934]",0.28842190652394195,12288
48,49,"[ 0.15140547 -0.12087326 -0.10944486  0.02354913 -0.01953461 -0.27284896
  0.29586126  0.16130094  0.10744257  0.09257396]",0.25856058535783055,12544
49,50,"[ 0.06495876 -0.01372174  0.36264977  0.13185082 -0.0366349  -0.21257608
 -0.11536576  0.10464301 -0.17436555  0.04840127]",0.256843578348769,12800
50,51,"[ 0.11746137 -0.02755188  0.22471429 -0.13511291  0.13232957  0.11415894
 -0.0580363  -0.07711305  0.07122024 -0.32701065]",0.2351745895145495,13056
51,52,"[-0.04113655 -0.04299147  0.10483583 -0.19233082  0.05806567  0.0433254
 -0.15934349 -0.10075649  0.09594124  0.00714992]",0.10156895089050262,13312
52,53,"[ 0.31953916  0.12447304  0.12616571 -0.06483065 -0.20407499 -0.12124209
 -0.18285    -0.07342518  0.09220232  0.17590226]",0.27233410862352453,13568
53,54,"[-0.0195941   0.20777257 -0.09579937  0.12853634 -0.34524932  0.18315022
  0.04089275 -0.16396654 -0.0025331  -0.19328649]",0.2879169101490894,13824
54,55,"[ 0.26466126 -0.04123203 -0.00492161 -0.14618791  0.21251142 -0.07778738
 -0.02153899  0.07635206 -0.00930912 -0.17757371]",0.1822654153528993,14080
55,56,"[-0.02482393  0.03475345 -0.17206927 -0.38547081 -0.04210555 -0.12994471
  0.0756304  -0.08512908  0.19077377 -0.01025187]",0.24814476348947634,14336
56,57,"[-0.23146741  0.21522356 -0.06422846 -0.2605399   0.08552109 -0.10015427
  0.17640383 -0.09001623 -0.20379464 -0.08713855]",0.27759603016335627,14592
57,58,"[-0.06056977  0.09182886  0.21473518 -0.11717162  0.24053497 -0.02512948
  0.30319185 -0.18044269  0.21719895 -0.00115993]",0.30209177238121737,14848
58,59,"[ 0.23505294 -0.14204008 -0.19394206 -0.02332573  0.04523557 -0.07945731
 -0.07385959  0.05456239 -0.04719989 -0.26755519]",0.2041885014191548,15104
59,60,"[ 0.12252667  0.18099737 -0.24242785 -0.07106272 -0.04275051 -0.04818975
 -0.24977126  0.1875434  -0.03168289 -0.05677675]",0.21752947780719295,15360
60,61,"[ 0.06354022 -0.08781671  0.00378453  0.27240918 -0.30799902 -0.13217895
 -0.06176257 -0.0542656  -0.09159553 -0.00661803]",0.21349779910180378,15616
61,62,"[ 0.01810851  0.09643646  0.1217026   0.06132681 -0.04756789  0.3400103
 -0.31945902  0.03656087  0.15249099  0.14579129]",0.2939694764799632,15872
62,63,"[ 0.23049497  0.3079223  -0.03223379  0.03769206 -0.03993169 -0.17365211
  0.10685828  0.08097463 -0.05663888  0.26245269]",0.2722183413182402,16128
63,64,"[-1.87958458e-01 -1.21015537e-01  8.87261324e-02 -2.12109316e-01
  8.28053389e-02 -1.27699856e-01 -3.71217548e-02 -1.65096798e-01
  2.71619638e-02 -1.72413464e-04]",0.15537258708891433,16384
64,65,"[ 0.01189324  0.05807112 -0.00324509 -0.09522058 -0.07271096 -0.25839152
  0.02334482 -0.04575087  0.04823758  0.00230179]",0.08961453861839674,16640
65,66,"[ 0.01903692  0.03044374  0.01158582  0.0178453   0.12053693 -0.36571951
  0.01313273 -0.01705356  0.17257763 -0.0810768 ]",0.18684159961118824,16896
66,67,"[-0.33888393  0.01498959  0.0010775   0.01591161  0.00531747  0.14648866
  0.14939633 -0.00185579  0.09009735 -0.08334955]",0.1741959386513222,17152
67,68,"[-0.0927416  -0.02090505 -0.30556378  0.04222698 -0.09435683 -0.09642777
 -0.10896454 -0.07288784 -0.08223909 -0.2664913 ]",0.21735867895160693,17408
68,69,"[-0.14789621 -0.01492268  0.09640526 -0.00705268  0.0388849  -0.01063417
  0.02817273  0.16973056  0.02065382 -0.0700154 ]",0.06799571297928256,17664
69,70,"[-0.1184204  -0.24677866  0.0246836   0.20315047  0.09281748  0.01037064
 -0.24838496  0.0142071   0.22105008  0.07855881]",0.24245668360941228,17920
70,71,"[-0.02348946  0.02013535 -0.04230103  0.01331753  0.01754758  0.21371923
 -0.07159163 -0.16882726  0.16224508  0.31148312]",0.20588095386000382,18176
71,72,"[-0.15340585  0.02601076  0.15860299 -0.1656551  -0.2700534  -0.03645254
  0.02473922  0.050111    0.15517666  0.23761877]",0.2347296779222044,18432
72,73,"[-0.14423308  0.20950772  0.12525766  0.29203308 -0.1414983  -0.07920505
 -0.21669521 -0.02207503  0.13271724  0.25013132]",0.31958833588294006,18688
73,74,"[-0.17559792  0.06806385  0.05729528  0.21077693 -0.01179196 -0.13021262
  0.23764356  0.2922621   0.03879055 -0.06621514]",0.2480521046971523,18944
74,75,"[-0.34286432 -0.1309508   0.1352397   0.21817166 -0.01734202 -0.14502864
  0.1611169   0.15789319  0.11619214  0.16813376]",0.3145852427777315,19200
75,76,"[ 0.37063449  0.08750681  0.16811394  0.09629905 -0.10723947 -0.06958574
 -0.20545713  0.05621256  0.10854176  0.11577352]",0.2694629551752055,19456
76,77,"[ 0.08253248 -0.09313791 -0.0146708  -0.05103212 -0.27905027 -0.07917396
  0.15666771  0.15989921 -0.16523542 -0.07596651]",0.18562954126642134,19712
77,78,"[-0.14967379  0.02247253 -0.05418342 -0.05456334 -0.06500095 -0.11275587
  0.09908161  0.00705402 -0.05126794  0.12224899]",0.07319940849841652,19968
78,79,"[-0.24751907 -0.11283698 -0.02167273 -0.01794756 -0.12419647 -0.19024688
  0.01879463  0.01525785 -0.22266254  0.02498219]",0.17719708739842804,20224
79,80,"[-0.00889785 -0.03475075  0.11523864  0.20523147  0.08217157  0.06119615
 -0.08017204 -0.24306272 -0.02964363 -0.29609121]",0.22123961361930883,20480
80,81,"[-0.06928839 -0.19292478  0.08278661 -0.00216656 -0.23215456  0.18847491
  0.18215163  0.21347828 -0.13226125  0.03814558]",0.23599801278263857,20736
81,82,"[ 0.08264608  0.1476973  -0.06281182  0.23958009 -0.26243504  0.20418337
 -0.0529887   0.08377525  0.1134279   0.11449531]",0.2363529694666507,20992
82,83,"[-0.03509073 -0.10203495  0.05275641 -0.02387987 -0.41438214 -0.04023528
  0.01988735  0.03897863 -0.00063603 -0.27661057]",0.26675606071035207,21248
83,84,"[ 0.09277974  0.00958225 -0.18728854 -0.23061851  0.01892667 -0.08514448
 -0.03184903 -0.20460808 -0.07544125  0.14572421]",0.17437535243382057,21504
84,85,"[-0.04240157 -0.17226582  0.13485926 -0.07132571 -0.19867383  0.1333619
 -0.15814603  0.09108364  0.0753947   0.15600145]",0.17533168093298956,21760
85,86,"[-0.17008359  0.34420176 -0.2642928   0.04510267  0.18162999  0.11782188
 -0.05848742 -0.01856677  0.19849899 -0.13164657]",0.32665783291512235,22016
86,87,"[ 0.12789985 -0.02702458 -0.11356104  0.06315542  0.16386047 -0.15036785
  0.03119155  0.11688542 -0.30149114  0.04327812]",0.1908391763163341,22272
87,88,"[-0.09922148 -0.00390602 -0.32510341  0.17500155  0.04824691 -0.05203064
 -0.17250267  0.08450036  0.01586713 -0.09753264]",0.19787474912183867,22528
88,89,"[-0.00330584  0.27175699 -0.02848726 -0.10888452  0.08246791 -0.16727483
  0.09353244  0.16278481 -0.02612233 -0.20538578]",0.19942488026847702,22784
89,90,"[-0.08088502  0.09158488 -0.14178664 -0.29018245 -0.05905714 -0.1051495
 -0.20937952 -0.13779054  0.04883857 -0.18062078]",0.23161873035097236,23040
90,91,"[ 0.05386796 -0.1063533  -0.15879201  0.09195981  0.09190309  0.00794171
 -0.33710066  0.18690471  0.26950397  0.1342763 ]",0.29562627454954377,23296
91,92,"[-0.05254806 -0.02075374 -0.26031013 -0.09295433  0.01599347 -0.0724495
 -0.23747517  0.06693392 -0.09764836 -0.06032657]",0.1591477105508513,23552
92,93,"[-0.19904809  0.08990573 -0.19478168 -0.25686885 -0.00853936  0.04924979
  0.05381567 -0.11175263 -0.28491568  0.21728415]",0.2978972833747738,23808
93,94,"[-0.13303494  0.07772772  0.08181948 -0.11450835 -0.17859567 -0.01612522
  0.1962624  -0.08046794 -0.29351915  0.17419463]",0.2371942030005303,24064
94,95,"[ 0.03233724  0.13605334  0.18752363  0.18127716 -0.32466258  0.2238772
  0.04380129  0.19434415 -0.09679302  0.19836065]",0.33151355957845874,24320
95,96,"[-0.02993777 -0.23797883  0.13934568 -0.26414639 -0.00301194  0.08049215
  0.1709644  -0.17120137 -0.02441521  0.01820003]",0.21267486480893022,24576
96,97,"[ 0.22548511 -0.12976969 -0.13079946  0.03748079  0.15125774 -0.00139208
  0.12091682 -0.38339309 -0.08965909  0.00638217]",0.27876847858187287,24832
97,98,"[-0.16696531  0.1146821   0.13901853 -0.22359999 -0.14881609  0.01138036
  0.2011271   0.22307999 -0.06574548  0.08802092]",0.23491519460159271,25088
98,99,"[ 0.14336147  0.17212145 -0.15550256 -0.23278917 -0.29204182  0.08847034
  0.06777395  0.00088431 -0.04445654 -0.02987135]",0.2291283446825499,25344
99,100,"[-0.03610779 -0.37640021  0.14079677 -0.10046263  0.00053894  0.03635509
  0.13327527 -0.1052043  -0.08366877 -0.10786832]",0.22168562588700208,25600
100,101,"[-0.22048319 -0.22073912 -0.03110382  0.0828758  -0.20456219 -0.00298388
  0.09115083  0.0589149   0.32709934 -0.03941178]",0.2673557389551057,25856
101,102,"[ 0.24868335  0.09304527 -0.07210431  0.00874366  0.1588441   0.12131281
  0.12641505  0.21865989  0.13010936  0.03196577]",0.1974677296379389,26112
102,103,"[-0.19921168 -0.17104172 -0.23133118 -0.03649066 -0.07345379  0.19645251
  0.00344268 -0.00888186  0.13782156 -0.00889528]",0.18693994767464925,26368
103,104,"[ 0.20622873  0.21374844  0.00734865 -0.11054117  0.09398732 -0.01590792
 -0.20457419 -0.04322431 -0.01106378  0.01646021]",0.15369100195760224,26624
104,105,"[ 0.17213806  0.02771358 -0.0711718   0.03434544 -0.19396078 -0.29280882
 -0.09216617  0.27932534  0.11719655 -0.02710265]",0.2609892086180084,26880
105,106,"[ 0.1260447  -0.19502283  0.10749885 -0.17671784 -0.12369384  0.04764852
 -0.09628626  0.01461801 -0.25201987 -0.09571318]",0.1964366780222419,27136
106,107,"[ 0.18869748 -0.14468158 -0.00348281  0.031026   -0.05201963  0.07644808
  0.00306533  0.04457263 -0.12385698  0.01445298]",0.08361014909835215,27392
107,108,"[ 0.09404292  0.0450307   0.19235043 -0.10919261  0.23391961 -0.08714448
 -0.16732079 -0.17302554 -0.01908349 -0.28253178]",0.2602285621131196,27648
108,109,"[ 0.11833163 -0.04091936 -0.1219303  -0.0687291  -0.30435686 -0.02612278
  0.10168545  0.02719233  0.24013279 -0.25208475]",0.2608727849262155,27904
109,110,"[-0.09584104 -0.01662549  0.22152115 -0.0395976  -0.31652059 -0.00641036
  0.17349921  0.03236933 -0.05300716 -0.21646055]",0.24114255516163602,28160
110,111,"[-0.2027144   0.00513455  0.04518538 -0.00983096 -0.2618197   0.28841502
 -0.22352482  0.06713442  0.09818633  0.03234125]",0.2601475231490992,28416
111,112,"[-0.17908308  0.17089338 -0.06622043  0.06834267  0.13533476  0.15552024
  0.10484428  0.17427027  0.11242066 -0.34241938]",0.28408509116824837,28672
112,113,"[-0.16907007  0.0686939   0.08297885  0.1330456   0.09628913 -0.22979679
  0.15250345  0.08638584 -0.04600852 -0.21081692]",0.1972486944983658,28928
113,114,"[ 0.1759759  -0.29489946  0.12207568  0.17346257 -0.13132102  0.0280575
 -0.17128237  0.1283203   0.15726462 -0.24600568]",0.3120120790482133,29184
114,115,"[-0.09694059 -0.03703945  0.29495251  0.24449826  0.16490614  0.06939172
 -0.28348035 -0.08890214  0.14101251 -0.15070815]",0.32041719996744816,29440
115,116,"[-0.09870287  0.01570182 -0.14217597 -0.10655418  0.06455628 -0.03280092
 -0.11369718 -0.12989526  0.10764162 -0.05348327]",0.09104702361009816,29696
116,117,"[-0.00924453 -0.13432525 -0.09921415  0.06684713 -0.02693903  0.25271019
 -0.33760553 -0.10454136 -0.13481636  0.13743353]",0.25899868697965267,29952
117,118,"[ 0.04196584  0.03639771 -0.10996649  0.16754199 -0.06711923  0.24194049
  0.18662934 -0.09106416  0.04989887  0.18559604]",0.18634803939932762,30208
118,119,"[ 0.15774989 -0.12605525 -0.29832405  0.03631778 -0.04673733  0.01809385
 -0.11995977  0.10672874 -0.17547371  0.06273716]",0.19411128516591225,30464
119,120,"[-0.17374854 -0.06159371  0.06300536  0.17935821 -0.15929732 -0.09002789
 -0.00282882 -0.16873336 -0.05863367 -0.11239644]",0.14815185403819317,30720
120,121,"[ 0.05589364 -0.05147257  0.15769763  0.02322589 -0.04699058  0.11138811
 -0.20347507  0.10221366 -0.28996957  0.11823086]",0.1957075548603589,30976
121,122,"[-0.21361272  0.18802108 -0.1177261   0.07790034  0.09327831 -0.04972308
 -0.20279769  0.25151501 -0.03943156  0.02826578]",0.21882394906602345,31232
122,123,"[-0.19529195 -0.11406491  0.24650102  0.0691083  -0.01158169 -0.27540022
 -0.07483621 -0.23595213 -0.17030961 -0.19058144]",0.3192683863534642,31488
123,124,"[-0.17469852  0.12176617  0.10482442 -0.04654709  0.11138186 -0.24214353
 -0.26049286  0.03310961  0.07131722 -0.25062057]",0.26639036132991656,31744
124,125,"[-0.13211439 -0.04485574 -0.17437572 -0.20673771 -0.02945741  0.00059182
 -0.22740167  0.09645299 -0.14150978  0.11404594]",0.18752790132095346,32000
125,126,"[ 0.06811615 -0.03172746  0.10502852  0.12488694  0.23345239  0.00332722
  0.07765699  0.01737319  0.0998203  -0.29849361]",0.19218022955312206,32256
126,127,"[-0.06657365 -0.17926462  0.03557587  0.07313666 -0.05041621  0.26700631
 -0.03856443 -0.22060858 -0.05661205 -0.00353051]",0.17038938033095336,32512
127,128,"[ 0.07008391 -0.21029508  0.35814376 -0.00766101  0.01439789  0.18179589
 -0.04413061  0.08327216  0.05757693 -0.16336153]",0.24960232049013015,32768
128,129,"[-0.06890886 -0.17185451 -0.27748993  0.09723609  0.03812804 -0.12006813
  0.11488437 -0.14512257 -0.17817078  0.00573103]",0.20264467305067185,33024
129,130,"[-0.05837553  0.08192161 -0.23613342 -0.15698915 -0.0964701  -0.17766235
  0.10775682  0.05631817 -0.00593393  0.05314475]",0.14903667591247463,33280
130,131,"[-0.13455689 -0.17314285 -0.08396811  0.01125134  0.07147173 -0.23195604
 -0.13494632 -0.22702099 -0.01639384 -0.0725944 ]",0.18946079682287884,33536
131,132,"[-0.00435179  0.24183387  0.03642969 -0.19763662 -0.16514262 -0.15275699
 -0.26036938 -0.21902865  0.02923789 -0.0048152 ]",0.26614050095156033,33792
132,133,"[ 0.03090051 -0.10555219 -0.05906029 -0.19765029  0.09153838  0.28657795
  0.03254496 -0.16145026 -0.06577714 -0.25497217]",0.24161885859194188,34048
133,134,"[ 0.07574785 -0.05340989  0.04329623  0.13149267 -0.14866885 -0.2089282
 -0.02565486 -0.37255528 -0.16533762  0.22013145]",0.3087586526878155,34304
134,135,"[ 0.38226839  0.10098073 -0.16666483 -0.07249023  0.15680294 -0.22088958
  0.19806273 -0.20445745 -0.12011392  0.10394889]",0.3690020218297207,34560
135,136,"[-0.23479825  0.10640056 -0.09571707  0.02482181 -0.0408102   0.07634231
 -0.12319062 -0.16487005  0.02668566  0.00505949]",0.12681858488135767,34816
136,137,"[-0.22214073  0.06999462  0.24560812 -0.15062142 -0.10763638  0.0172679
  0.20551828 -0.05137434  0.20539271  0.06906513]",0.24097292885040786,35072
137,138,"[-0.34439483 -0.01416705 -0.06365754  0.12065802  0.02834806 -0.35247565
 -0.07071507 -0.07232976 -0.03672912  0.06552436]",0.2783365272541562,35328
138,139,"[0.22131727 0.37245888 0.10814481 0.0485554  0.00496273 0.1507374
 0.06350648 0.12625992 0.14290841 0.0465857 ]",0.2670739519084662,35584
139,140,"[-0.1823389   0.01343424 -0.03994093 -0.00625143  0.15492199  0.09266342
 -0.15199379  0.21531237  0.03033313  0.47902178]",0.3674931331068171,35840
140,141,"[ 0.04934006  0.02137147  0.16322256 -0.13539403  0.0142648  -0.07909244
  0.00109638  0.23493324  0.13833116  0.20913848]",0.17239267017107254,36096
141,142,"[-0.20671616 -0.2115097  -0.08906388 -0.09491587 -0.0465998  -0.23333046
 -0.06837467 -0.15740957 -0.18371266  0.13418507]",0.24223280863622823,36352
142,143,"[-0.21802305 -0.25073581  0.0721129  -0.14179646 -0.02200628  0.16021836
  0.10682415 -0.0395826   0.16117665 -0.01220349]",0.20096821956320357,36608
143,144,"[-0.02880745  0.01812873  0.0147921  -0.01053096 -0.00543842 -0.12381365
  0.18359714  0.08827256 -0.02255302  0.23782741]",0.11541809607372759,36864
144,145,"[ 0.15680589 -0.18196155  0.11248195  0.16720195  0.0273333   0.0461722
  0.18160987 -0.07894735  0.13534989  0.01707372]",0.15901168886411265,37120
145,146,"[ 0.00919922  0.15724952 -0.07888561  0.11106273 -0.10539182 -0.10941742
  0.53645905  0.01720948  0.11062934 -0.1647877 ]",0.39392782903382517,37376
146,147,"[ 0.08323477 -0.00174924 -0.01555853 -0.23099652 -0.01414429  0.27462259
 -0.00034186  0.25410088 -0.06999449 -0.14116223]",0.22554355341971807,37632
147,148,"[ 0.03582932  0.1700211   0.04293742  0.11781269 -0.16596502  0.03555355
  0.19513638  0.2038079  -0.09080227  0.30259569]",0.25414787594111177,37888
148,149,"[ 0.14179119  0.05932531 -0.10588851 -0.03662525 -0.04992966  0.14732759
  0.25843416 -0.07662387 -0.23879518  0.16882002]",0.21855917762755458,38144
149,150,"[ 0.06525154 -0.02042619 -0.04768153  0.01907023 -0.02178456 -0.05262446
 -0.01542266  0.21307384  0.2427339   0.15194872]",0.13820257532688904,38400
150,151,"[-0.01459137 -0.06615543 -0.03569231 -0.06223008 -0.12846048  0.197023
  0.01826828  0.29580423  0.01521522 -0.17277065]",0.18297120191412033,38656
151,152,"[ 0.10386727 -0.06577759 -0.035633    0.00473726 -0.16020097 -0.25571527
  0.09151082 -0.21854444 -0.26814595 -0.04510237]",0.23753428187182793,38912
152,153,"[ 0.34831038 -0.01745033  0.06660658 -0.03955142 -0.15823134  0.09209851
 -0.1527931  -0.12916189  0.02226389 -0.07338759]",0.20705462024385216,39168
153,154,"[-0.20692046 -0.0026104   0.26634224  0.15698066 -0.05063025 -0.22076986
 -0.15337592  0.17419661  0.04935771  0.24391105]",0.3055041767487286,39424
154,155,"[ 0.01303042 -0.04131458  0.04357948 -0.12774926 -0.01771627  0.29192093
 -0.02971997  0.05500438  0.30999132 -0.01234197]",0.20578313087738864,39680
155,156,"[ 0.09125343  0.13931933  0.02792763 -0.20838376  0.2007968   0.08246709
 -0.02820697 -0.05372829  0.19859232  0.1466894 ]",0.1837000387251474,39936
156,157,"[-0.01017364  0.0121121  -0.25265092 -0.07305661 -0.12752773 -0.07202576
  0.11115993 -0.20734052  0.00886374 -0.20352357]",0.18771802652982925,40192
157,158,"[ 0.05775887 -0.06038152 -0.04807561 -0.01449321  0.10323844 -0.0667408
  0.13431585  0.13338822  0.18013006  0.12171738]",0.1077109660811653,40448
158,159,"[ 0.07513237  0.21377844 -0.25162145  0.17277778  0.05818664 -0.09423935
  0.11696049  0.05295043  0.11364433  0.12850507]",0.20269044220659777,40704
159,160,"[-0.18206967  0.24359088 -0.12396092  0.04086638  0.17736764 -0.06151179
 -0.0300984   0.10681456  0.0503723   0.13763786]",0.178562041416647,40960
160,161,"[ 0.07276473  0.16280291  0.09729706  0.02598     0.22418002  0.16264806
  0.17538111  0.02022821 -0.01985353 -0.10414201]",0.16105968016859135,41216
161,162,"[ 0.02364347  0.16775932  0.17235945  0.09569696  0.35778495 -0.02443203
  0.00079303 -0.15586333 -0.09588403 -0.31400687]",0.3282629494200479,41472
162,163,"[-0.21064138  0.07946107  0.14869207 -0.1011239  -0.04180701  0.13985739
 -0.06107219 -0.13003733  0.0282168  -0.2844088 ]",0.20665121396115566,41728
163,164,"[-0.00058838 -0.08464219  0.11095463  0.03653212 -0.21348901  0.10174879
 -0.03166596 -0.25930932  0.082062   -0.07622029]",0.15752831067861467,41984
164,165,"[ 0.03115953 -0.00827511 -0.04294382  0.15944123 -0.11878665  0.10675943
  0.0105011  -0.12443282  0.31436552  0.09841071]",0.17791706029009682,42240
165,166,"[ 0.0068462  -0.24744756  0.05685581  0.10765763 -0.16821309  0.04870795
  0.15027265 -0.04107231  0.10011953  0.03050854]",0.14199151680819072,42496
166,167,"[ 0.19473663 -0.00306424 -0.05213525  0.05893151 -0.11507797  0.01095282
  0.16572405 -0.03413014  0.19425425 -0.30671178]",0.21792181049304746,42752
167,168,"[ 0.07288258 -0.06712269  0.11555976 -0.12512671 -0.03967318  0.2027183
 -0.05525008  0.15044346 -0.36389381  0.03361609]",0.2407312978098788,43008
168,169,"[-0.26379538 -0.07152344 -0.22554002  0.04867164  0.04831465 -0.08454927
  0.05006225  0.26956211  0.22198532 -0.05653839]",0.26506774583692655,43264
169,170,"[-0.02115166  0.03495729 -0.02609501  0.07739427  0.05033705  0.14805903
 -0.03202758 -0.1802193   0.03902805  0.26088287]",0.13588334096880655,43520
170,171,"[ 0.08827451  0.17677247  0.14218323  0.10667115 -0.04537254  0.24227585
 -0.12423701 -0.02100264 -0.06136068 -0.03792581]",0.15247140247283245,43776
171,172,"[-0.13205802  0.05396001  0.37453261  0.00753783 -0.21900833  0.13697737
 -0.10666796 -0.1107436   0.12432192  0.14596739]",0.28781456235881614,44032
172,173,"[ 0.24552142 -0.0143156   0.03659808 -0.1302515  -0.20127461 -0.15543006
 -0.36004275 -0.06626863 -0.02282426 -0.02829187]",0.27880423906244806,44288
173,174,"[ 0.21841771  0.161753    0.18187039 -0.18403124 -0.13544023 -0.07347184
  0.04965673 -0.05704438  0.07706063  0.28694171]",0.2585505720207014,44544
174,175,"[-1.86638900e-02 -1.96450121e-02 -3.92308523e-01 -4.74805846e-02
 -1.69605792e-01 -4.51759148e-02 -2.91791978e-04 -7.88862881e-02
 -1.91839003e-02 -1.88690602e-01]",0.22989693506385658,44800
175,176,"[-0.12586154  0.16820057  0.19574436  0.33487286 -0.09919462 -0.00868544
  0.14446102  0.0703597   0.17626981 -0.0761738 ]",0.26719622315413943,45056
176,177,"[-0.12288303 -0.10105268  0.18369256  0.19708687  0.10281234 -0.16037235
  0.02001935  0.17527799  0.01845475 -0.16509056]",0.1929063646542618,45312
177,178,"[-0.05498789  0.18681129  0.01585967  0.18802485 -0.16295183 -0.1302729
  0.078377   -0.02741344  0.02667449 -0.09320722]",0.13334489094983276,45568
178,179,"[-0.03565552  0.01403789  0.30212348 -0.10524238  0.09893575 -0.03178404
 -0.20206655  0.10785213 -0.06739011 -0.1587519 ]",0.19682800775272433,45824
179,180,"[-0.12126746  0.17277074 -0.09452555 -0.04544065  0.06479995  0.24515216
  0.22322943 -0.18284945 -0.08672716  0.0982378 ]",0.22029164397290102,46080
180,181,"[-0.16782893  0.05496909  0.09483068  0.21989544  0.21398527 -0.11088047
  0.17490806  0.1583818  -0.09162048 -0.0962571 ]",0.21995655135915257,46336
181,182,"[-0.1662058   0.22614649 -0.06251406  0.07382476  0.14005272  0.10891165
 -0.07414541 -0.0519723   0.03929707 -0.31412149]",0.22801644565912557,46592
182,183,"[-0.24946333 -0.06756     0.11813704  0.15002594  0.15675962  0.15830666
  0.15539985 -0.25564804 -0.0108428  -0.11993175]",0.2569012520426755,46848
183,184,"[-0.05336865  0.08340763  0.02887483  0.33601101 -0.01455183 -0.16874433
 -0.32889563  0.13595169  0.05453711  0.07160859]",0.28698588810446046,47104
184,185,"[-0.14409163 -0.28822449 -0.00033154 -0.1162469  -0.18212783 -0.00654134
  0.089551   -0.06128386 -0.18724689 -0.3229932 ]",0.3017236345812724,47360
185,186,"[-0.06187619  0.02728898 -0.0112175   0.02286899 -0.27546518 -0.1874919
  0.09081909 -0.10705807  0.0062835  -0.04395247]",0.1379372883503949,47616
186,187,"[ 0.12560101 -0.12692088 -0.23894746 -0.1676847   0.16566342  0.09410745
  0.12603485 -0.00923859 -0.00259956  0.20450979]",0.21120029266817059,47872
187,188,"[ 0.1643996   0.1334604   0.03768935 -0.28561048  0.12509952  0.11157009
 -0.00461433 -0.20377033  0.17476204 -0.19747752]",0.2670132930420167,48128
188,189,"[ 0.23328269  0.11732177  0.0679893  -0.11771582  0.07873997  0.0881274
 -0.13344232  0.2552855   0.18840125 -0.01173391]",0.21924144842041218,48384
189,190,"[-0.15549433 -0.07935369 -0.01037778 -0.10404669  0.19131463 -0.10154454
  0.06758039  0.06081378  0.03045947 -0.23888567]",0.15458105496548016,48640
190,191,"[ 0.07214237 -0.00420567 -0.16021999  0.10018247  0.0400983  -0.27586856
 -0.13351588  0.08650499  0.31857533  0.14019254]",0.2650943120928372,48896
191,192,"[ 0.01065529 -0.00337069 -0.28698859  0.0036393  -0.15238703 -0.0731511
 -0.21540383 -0.24024448 -0.02366935  0.10567843]",0.22691787339637812,49152
192,193,"[-0.03064062  0.03306076 -0.25973108  0.03360708  0.03652952 -0.1566099
  0.21052945  0.28479563  0.04050771  0.05778789]",0.22689411096973372,49408
193,194,"[ 0.16300259  0.12434148  0.06357178  0.08221501  0.10188844 -0.37173289
  0.21795024  0.14799224 -0.14760209 -0.13872425]",0.31183272649184424,49664
194,195,"[ 0.15458375  0.05484482 -0.20300377 -0.07753944  0.05636967 -0.2517595
  0.0072929   0.08797475 -0.20233755 -0.10164697]",0.1997527081956507,49920
195,196,"[ 0.08368627  0.16294318 -0.03978212 -0.04199834 -0.11968892  0.05153438
 -0.08083677  0.03353919 -0.27561687  0.06332157]",0.14151531811033358,50176
196,197,"[ 0.13215711  0.02760216  0.23235909  0.07151401 -0.03399273  0.39304786
  0.16201237 -0.03620381  0.16690009 -0.04237732]",0.2901847104231191,50432
197,198,"[ 0.12416155 -0.12831041  0.02539445  0.05501011  0.05453355 -0.01262132
 -0.06745713 -0.08962779 -0.07083769 -0.1617431 ]",0.0824462615941251,50688
198,199,"[-0.19415649 -0.20198438 -0.38898856 -0.19680933 -0.03212792  0.08771796
  0.02644984 -0.00435834  0.22325835  0.07684082]",0.33373447996103156,50944
199,200,"[ 0.24762247 -0.12092323  0.06139745 -0.03607878 -0.14876005 -0.09907338
 -0.12913684 -0.23147714 -0.15260044 -0.05355971]",0.20936925558604821,51200
200,201,"[ 0.02101914  0.19123747 -0.00376372 -0.0425622  -0.13630119 -0.03144137
  0.29279856 -0.09433514 -0.21652556  0.04114892]",0.20161252320097145,51456
201,202,"[-0.10175473 -0.19970375 -0.24799909 -0.21858152 -0.2019233   0.10775833
 -0.05839594 -0.07361217 -0.12522976  0.23168905]",0.29009306731160733,51712
202,203,"[ 0.16357887 -0.06313985  0.19490462 -0.06622309 -0.00881937 -0.02364687
 -0.16660084  0.0553855   0.05662344  0.3453831 ]",0.22707404566445208,51968
203,204,"[-0.17949891 -0.14270101  0.19004175 -0.16459178  0.29571562 -0.11066229
 -0.12334412 -0.14350227  0.20636349  0.1028598 ]",0.3044563302723105,52224
204,205,"[ 0.18721819  0.1625962   0.1937236   0.04689398  0.07668974 -0.11392618
  0.11904019 -0.02746885  0.14440327  0.15158896]",0.1788331652059284,52480
205,206,"[-0.0678876   0.06221973 -0.06375514  0.17638322 -0.02733639  0.14408142
  0.04093746  0.18086393 -0.31678897  0.16627352]",0.22755228371642464,52736
206,207,"[ 0.25099703  0.20344236  0.01410327 -0.08281166  0.23200501  0.21421169
 -0.0977881   0.18262246 -0.12179012 -0.1150247 ]",0.28213494059363875,52992
207,208,"[-0.40939809 -0.02727888  0.07598428  0.04113662  0.01671962  0.13838236
 -0.0649627   0.18563435 -0.01528985 -0.09999571]",0.244159177159011,53248
208,209,"[-0.1473662  -0.09075876  0.04251317  0.08508319 -0.08847435  0.12057061
  0.099412   -0.05123279 -0.04354135 -0.26205924]",0.14444388993691548,53504
209,210,"[ 0.0484716   0.0134458   0.20376164  0.09880112  0.19371291 -0.16522526
  0.18499645 -0.1210062  -0.18698283  0.08604389]",0.2098671515038526,53760
210,211,"[-0.21711019  0.18133635 -0.12956341  0.08149686 -0.07050985  0.04411928
  0.01682937 -0.18025151 -0.12471591  0.19019375]",0.19486782602299954,54016
211,212,"[-0.00501207 -0.05667102  0.22719965 -0.05859039  0.08295889 -0.10094132
  0.06773303  0.24185312 -0.1638086   0.04742822]",0.16752395317435873,54272
212,213,"[ 0.07055915  0.25279791  0.0174611   0.2747302   0.09968584  0.24132504
 -0.04337443  0.03187623  0.02475969 -0.02425891]",0.21694096662698603,54528
213,214,"[-0.01011953 -0.04051562 -0.11759008 -0.03154501  0.15557193 -0.14750344
 -0.21420804 -0.20561334  0.13210282 -0.087587  ]",0.17581089381292747,54784
214,215,"[ 0.23301594  0.05106165 -0.04850693 -0.0338525  -0.01455477 -0.30959777
  0.27529752  0.0207794  -0.18100314 -0.11211128]",0.2780168403014178,55040
215,216,"[-0.00684276 -0.29404469 -0.01367055  0.12162558  0.08690921 -0.00563909
  0.0276177   0.00951182  0.16143166 -0.11374125]",0.14892424435452487,55296
216,217,"[ 0.13634107  0.11755214  0.15010183  0.13056166 -0.17150879 -0.13807472
  0.21298496  0.06963634  0.22615209  0.04345672]",0.22370926274584774,55552
217,218,"[ 0.201104    0.10074089  0.08937913 -0.1300562   0.03732506 -0.06193061
 -0.1460889  -0.00106378  0.17767393 -0.30900034]",0.2291156851047431,55808
218,219,"[ 0.02918101  0.0525529  -0.0094909   0.11094882 -0.08379288  0.12719496
 -0.13535252  0.28221262 -0.12398368 -0.09056663]",0.16075140119642822,56064
219,220,"[ 0.27902575  0.13076591 -0.07842525  0.17475703  0.16926146  0.15761487
  0.00754869  0.15837974  0.10532537 -0.15410931]",0.24512176074091416,56320
220,221,"[-0.01285436 -0.05114002  0.1522999  -0.20436218 -0.11020293  0.32857834
 -0.08373278  0.32884877 -0.00352221  0.0604492 ]",0.3066673130072918,56576
221,222,"[-0.22105935 -0.39919825 -0.01862256  0.08231746  0.10079777  0.03167077
  0.19893916  0.00619919  0.08399017 -0.15597846]",0.2975115137816279,56832
222,223,"[ 0.0350446  -0.13350647 -0.14565024  0.28800952  0.03758793  0.06043322
  0.09415267 -0.20443988  0.03041017 -0.17284032]",0.20973954617617238,57088
223,224,"[ 0.33637334 -0.20707658 -0.03662016  0.09592456 -0.2084336  -0.12213575
  0.00148925  0.03900269  0.03822782  0.17927587]",0.26005662734584645,57344
224,225,"[ 0.06870915  0.20705386 -0.18595556  0.18320217  0.03555498 -0.00233332
  0.06139106 -0.00645311  0.07036339  0.01937537]",0.12614127424593077,57600
225,226,"[ 0.11274741  0.11437038 -0.04882711  0.13714503  0.0890458  -0.03159721
 -0.1182816   0.17980295  0.17507274  0.33910472]",0.24787506317840013,57856
226,227,"[-0.05695023  0.32116866 -0.06101276 -0.14580839 -0.08698676 -0.15314794
 -0.25477902  0.03928027  0.00992876  0.21579156]",0.27551613208147674,58112
227,228,"[ 0.24603963  0.06064029  0.22576289  0.07487493 -0.23524995  0.09003382
 -0.03326483 -0.27033345  0.20050951  0.14927369]",0.32090992543773444,58368
228,229,"[-0.17370499 -0.08245366  0.05617021 -0.17548186 -0.0130455   0.24526468
  0.05575341 -0.27332228  0.18856145  0.05391034]",0.2475212091228075,58624
229,230,"[ 0.34508796 -0.10943785  0.21458416 -0.0303047   0.04178737 -0.22722132
 -0.13730438  0.10550304 -0.07975206 -0.08970381]",0.27579334466886507,58880
230,231,"[ 0.22249958 -0.25499035 -0.04196204 -0.11161437 -0.1533286   0.17978569
 -0.03582647  0.13178678 -0.0664863  -0.19229181]",0.24462513572909345,59136
231,232,"[ 0.18798267 -0.33569715  0.11557605  0.26738492 -0.04067222 -0.20496879
  0.06816499  0.11432445 -0.0426875  -0.15662162]",0.3206181086315345,59392
232,233,"[-0.17102842 -0.06370389  0.04806055 -0.06998594 -0.13037916 -0.24860431
  0.07717209 -0.11675479  0.07882923  0.16069781]",0.17094462775040278,59648
233,234,"[-0.05117779  0.02237372 -0.06443886  0.11536702  0.11611414 -0.35808601
  0.00582647 -0.09711644 -0.02925724 -0.01316448]",0.17278459061769952,59904
234,235,"[-0.06677541 -0.00036578 -0.17667564  0.04274349 -0.30748132 -0.18728627
  0.05863005  0.10189854  0.13557874  0.16629852]",0.22697887170661704,60160
235,236,"[-0.18582376  0.1222337  -0.1536327   0.10443205  0.10665212  0.10184555
  0.0264516  -0.31332241 -0.07622629 -0.0845593 ]",0.2175591405250956,60416
236,237,"[ 0.05232587  0.03252352  0.08590149 -0.30836448  0.00336004 -0.05458003
  0.05781302  0.2348766  -0.31309665  0.04795919]",0.2680927237385696,60672
237,238,"[-0.09820945 -0.02802369 -0.10928015 -0.01448496 -0.0693814  -0.35999994
 -0.14497417  0.02436024  0.01563205  0.26475554]",0.24894691017803483,60928
238,239,"[-0.15894804 -0.06011789  0.05002166  0.0196786   0.01401511 -0.29642764
  0.17011853 -0.00555732  0.38454484  0.13331986]",0.3144539358627839,61184
239,240,"[ 0.15565988  0.08833697 -0.21236072 -0.13762572 -0.00200516 -0.13014029
 -0.08514814 -0.11941844 -0.11335397  0.05541364]",0.15044261183091376,61440
240,241,"[ 0.14584843  0.26232334  0.03446847 -0.02120554 -0.00598247  0.00777034
 -0.16838134  0.1219071   0.25944858 -0.09806598]",0.21196333605982837,61696
241,242,"[-0.01011579  0.10354049  0.02488386  0.16930495  0.17832233 -0.08246147
 -0.06248838  0.02036531  0.24102048 -0.04083843]",0.1427832772802125,61952
242,243,"[-0.24521657 -0.09260758  0.01007427  0.13869768  0.10496224  0.20645148
  0.04350439 -0.23350873  0.03313171  0.06811355]",0.2038412727596526,62208
243,244,"[ 0.053694    0.03663286  0.11675479 -0.09428276 -0.09631933 -0.07872408
  0.05058254 -0.33960381  0.08859707 -0.21287226]",0.21327420915261253,62464
244,245,"[-0.08234586  0.06953967 -0.12365696  0.05058302 -0.10675515  0.10746208
  0.12606714  0.40388462  0.21336338  0.16971725]",0.3057546323300503,62720
245,246,"[-0.03495753  0.05516705 -0.12576466 -0.08780079  0.07862819  0.02578955
 -0.08166353  0.09060749  0.44368036 -0.21213226]",0.29136966178410756,62976
246,247,"[ 0.15908239  0.24831448  0.21116661 -0.16998397 -0.19259361 -0.05979896
 -0.06712761  0.11345248 -0.02190793  0.04803763]",0.22128654328879718,63232
247,248,"[-0.12536692  0.06878455  0.00043816 -0.33474629 -0.3485308  -0.06527942
 -0.07454415 -0.02322069 -0.01017774 -0.04291977]",0.2662802958430462,63488
248,249,"[-0.11820268 -0.07007867 -0.03821314  0.22356567 -0.11112842  0.1106783
  0.02884737 -0.0508041  -0.19638247  0.17448265]",0.16734745483883762,63744
249,250,"[ 0.28497044 -0.01917257 -0.00385378  0.06986721  0.06547504  0.06894968
  0.319695   -0.26294246 -0.1066459  -0.17216736]",0.30787163324885203,64000
250,251,"[-0.0794973   0.14680939  0.00232982 -0.11060936 -0.02278489 -0.11090721
  0.25800595 -0.14442634  0.03828924 -0.13806028]",0.16088498057847522,64256
251,252,"[-0.16820986 -0.07787577  0.15280981  0.04161343  0.10257488 -0.04416798
  0.16404115 -0.10995375 -0.12680744 -0.2985367 ]",0.21611774369543088,64512
252,253,"[ 0.27068764 -0.0096133  -0.02762882 -0.1458278  -0.18834905  0.17311997
  0.00684026  0.09071521  0.34739168 -0.063539  ]",0.2938334221823497,64768
253,254,"[ 0.28767325 -0.16755365  0.01343178 -0.10123367 -0.0875485   0.06551449
 -0.10658843  0.0905624   0.02508448  0.00237124]",0.15341318159971784,65024
254,255,"[ 0.16048195 -0.00090539  0.06539004  0.05046457 -0.13808724  0.26898105
 -0.33110704 -0.03248142 -0.13224253  0.02002188]",0.25257257425951274,65280
255,256,"[-0.06711497 -0.12396395  0.18860069  0.35043265 -0.09290578  0.00868898
 -0.15864091 -0.13252295  0.02613507 -0.03136631]",0.23134788446730162,65536
256,257,"[ 0.10826452  0.17780526 -0.0932049  -0.04796424 -0.0721654   0.33847542
 -0.20878652  0.13476977  0.12956601 -0.04108185]",0.25432686419249206,65792
257,258,"[ 0.2523123   0.14563718 -0.074088   -0.28785655  0.14320135  0.15091286
 -0.00110265 -0.07593283 -0.15849247  0.0686445 ]",0.2521023699227973,66048
258,259,"[-0.09479685  0.02639944  0.20251644 -0.16241013 -0.17789911  0.00328297
  0.1779981   0.21980666 -0.1849358  -0.10779456]",0.23455142097647463,66304
259,260,"[-0.05241436 -0.07088047  0.07812368 -0.07957821  0.26538435 -0.06806139
  0.35874639 -0.06708385  0.05023953  0.10157625]",0.2413094727088383,66560
260,261,"[-0.17012628 -0.01157135 -0.25607826  0.00853583 -0.02939919 -0.08934623
 -0.39198708 -0.25351302  0.13875107  0.10640373]",0.3520691791276967,66816
261,262,"[-0.1494305  -0.16861185 -0.1208518   0.04901168  0.18979184 -0.12512827
 -0.11205623  0.06033476  0.12215732 -0.06471774]",0.154752436026885,67072
262,263,"[-0.04356235 -0.06536499  0.09334821  0.04358027  0.04196014 -0.14570529
 -0.14523849 -0.04592798 -0.00141313  0.15668869]",0.08753101342053407,67328
263,264,"[ 0.07842566  0.00313442  0.238721    0.25198406  0.0950971  -0.14221613
 -0.02873679  0.02291784 -0.02867777  0.27132842]",0.23170552989135607,67584
264,265,"[-0.00282243  0.07168796  0.08014246  0.25274616  0.08219018  0.15101394
  0.16172051 -0.13160751  0.03644513 -0.14147143]",0.16982747248345928,67840
265,266,"[ 0.0477559   0.12305489  0.02559974  0.13796184 -0.023147   -0.23792097
  0.13884433 -0.1344167   0.14786871 -0.24021622]",0.21116870531330367,68096
266,267,"[-0.08261209  0.05457588  0.03077788  0.07428571 -0.05723304  0.1072558
  0.04033265  0.04245511  0.2983547  -0.23103753]",0.17687138297823304,68352
267,268,"[ 0.08567642 -0.18064908 -0.03166964 -0.03641281 -0.07598242  0.04595231
  0.01760752  0.30287191  0.2068898  -0.02718794]",0.18577232970150595,68608
268,269,"[-1.75026137e-01 -9.81261906e-02 -3.63368343e-02  1.02670616e-02
 -9.01435327e-02 -1.45451424e-01  1.47662700e-04 -2.24590398e-01
  2.31872507e-01 -1.19115787e-01]",0.1893649480972105,68864
269,270,"[ 0.09584551  0.07020174 -0.01428513 -0.03928784 -0.16634488 -0.33168687
  0.0464287  -0.27228425 -0.01061888 -0.19298481]",0.26719927436688307,69120
270,271,"[-0.13744883 -0.10004994  0.05150925  0.12741152 -0.28493367  0.11270441
  0.16576889  0.14254182 -0.10914127 -0.13496658]",0.21960383972908593,69376
271,272,"[ 0.16648478 -0.03963686  0.34202976  0.14023033 -0.11045698  0.01983479
  0.14810751 -0.01622082 -0.07666968  0.08183281]",0.21330512351650777,69632
272,273,"[ 0.13164545 -0.15404577 -0.09566795 -0.02615858  0.00571933  0.25489238
  0.11090491  0.03845891 -0.02762119 -0.33252649]",0.2410158719636564,69888
273,274,"[-0.01715198  0.08433405  0.1809827  -0.10080964  0.14121165  0.12873451
  0.25486046  0.17766389 -0.03866337 -0.29831525]",0.2738422075651393,70144
274,275,"[ 0.07922229  0.18007587  0.31594792  0.03514735  0.26013383 -0.15469534
 -0.04864439  0.2390999  -0.10171787 -0.07489728]",0.306853338137831,70400
275,276,"[-0.24262007  0.19279149  0.12080157  0.14334732  0.09251098 -0.26331979
  0.06595056 -0.0089285   0.00081812 -0.05233316]",0.21623874782761268,70656
276,277,"[ 0.24145948 -0.10426899  0.10461383  0.01620107  0.20281177  0.05150109
  0.12617806  0.26109748 -0.07329227 -0.01060923]",0.21374331447666256,70912
277,278,"[-0.01253553 -0.04302055 -0.02808296  0.14258735 -0.14509175  0.05507985
  0.08706877 -0.06620029  0.04873145  0.25757135]",0.1278943198198231,71168
278,279,"[-0.12645809 -0.00622133 -0.08625948  0.1900134  -0.07234869 -0.10073524
 -0.00341211 -0.05984713  0.24089724  0.17992676]",0.16895650225119732,71424
279,280,"[-0.19312767  0.17207184  0.03468527  0.16517252  0.21284159 -0.16333417
  0.24009272  0.23958903  0.00255981 -0.11889737]",0.296562194791247,71680
280,281,"[-0.19648671 -0.03360943  0.15644157  0.16211937 -0.11169642 -0.10649312
  0.21311535  0.21351657 -0.10066302 -0.08998571]",0.22354809972567607,71936
281,282,"[ 0.05668587  0.10986943 -0.21614287 -0.18003926  0.08996476 -0.24326749
 -0.17059117  0.20266872  0.15171417 -0.04242901]",0.25668255232227394,72192
282,283,"[ 0.10480452 -0.04780545 -0.00148359  0.02513408 -0.26553751  0.17898117
  0.05946572  0.18674843  0.13666078  0.26328081]",0.2428518003175622,72448
283,284,"[-0.08162821  0.01935381  0.19328921  0.18810774 -0.15080492 -0.29203085
 -0.07833491  0.27325146  0.27720902 -0.01848305]",0.3457962947164522,72704
284,285,"[ 0.11319597 -0.08978931  0.05836004  0.17003084 -0.0165197   0.00970328
 -0.19677074 -0.16125605  0.11141654  0.02185461]",0.1311723876243352,72960
285,286,"[-0.16700958 -0.07994008 -0.28197135  0.05324692 -0.03627563  0.2374321
 -0.24750252 -0.0975428   0.01063402  0.10383296]",0.25598208130644123,73216
286,287,"[ 0.15314737 -0.0885767   0.18783726  0.22315568  0.10640463 -0.00310888
  0.23569656  0.00676405 -0.16282483 -0.03370116]",0.2109591687535181,73472
287,288,"[-0.07666049 -0.0483603   0.04257288 -0.0938659  -0.14221366 -0.21763562
  0.35332538  0.1659354  -0.13733926 -0.03759683]",0.2590777741451014,73728
288,289,"[-0.1444369  -0.08432852 -0.06464479 -0.06679333 -0.00228704  0.06390735
  0.23110004  0.17699602 -0.25521189 -0.09324812]",0.19926613194246512,73984
289,290,"[ 0.02083404  0.22896146  0.13065043 -0.01963364  0.06690413 -0.01947702
  0.35523446  0.05017726 -0.19846766 -0.14381712]",0.26394999246927014,74240
290,291,"[ 0.18278675 -0.31929126  0.30744513  0.0915702   0.04335471  0.21964931
  0.07049076 -0.04926902  0.02714002 -0.0682988 ]",0.3011886522050722,74496
291,292,"[ 0.05443416 -0.03734793 -0.03730772  0.15844996  0.07081115  0.12043893
  0.11477928 -0.05256702 -0.23660463  0.11420534]",0.13533814186391807,74752
292,293,"[-0.01258043  0.01660836 -0.04075558  0.03118197 -0.0680338   0.30667687
  0.05233908  0.03655328 -0.26336268  0.07236518]",0.18041887503057175,75008
293,294,"[-0.11302922  0.39565608 -0.04947211 -0.07321213 -0.00266771 -0.2215374
  0.20905713  0.06375007 -0.0771417  -0.04647849]",0.28209282459911283,75264
294,295,"[-0.10934875  0.11211475  0.17424275 -0.05130011 -0.02331013 -0.03584225
  0.05312124  0.06400865  0.08981369  0.23687912]",0.1304443246107085,75520
295,296,"[-0.08082246 -0.03872991 -0.06412702  0.06057602 -0.20548668 -0.04617985
 -0.11336185  0.23525479 -0.15441876  0.04269177]",0.1540348246431508,75776
296,297,"[-0.11018106  0.02673246 -0.1238462  -0.10573199 -0.21201927  0.09856335
 -0.28405712 -0.08423372  0.06846234  0.10845176]",0.19827117219228682,76032
297,298,"[-0.07358003 -0.27609847  0.08236445 -0.04947166 -0.14295375 -0.04213469
 -0.03945253  0.05574342 -0.03483033 -0.1063558 ]",0.1302753805934293,76288
298,299,"[-0.15405424 -0.11909623  0.08265538  0.14439663  0.17562788  0.02166323
  0.28109804 -0.27400571  0.08847574  0.05654245]",0.2620336106673672,76544
299,300,"[-0.07446357  0.008691   -0.24631605 -0.05469187  0.12607046 -0.23574652
  0.33128953  0.17218263  0.05947877 -0.20079602]",0.3240097143691108,76800
300,301,"[ 0.14892929 -0.2100219   0.2215778   0.05358785 -0.04911255  0.11178773
  0.1923148  -0.04666729  0.15709924 -0.0494251 ]",0.19945188004736933,77056
301,302,"[-0.03520875  0.10309641 -0.25589203 -0.18796833  0.06772857 -0.01341454
 -0.14661276 -0.05523225  0.11716718  0.00283469]",0.15573054489860266,77312
302,303,"[-0.01661976 -0.09108065 -0.12825453  0.20095976  0.09358859  0.22177993
 -0.01194992 -0.14345829 -0.10524656 -0.03204909]",0.15617818002380568,77568
303,304,"[ 0.06430719  0.09372799 -0.05906036  0.17950818  0.03095401  0.16495181
 -0.23129159 -0.04099363  0.09300429 -0.07946878]",0.14694027676889632,77824
304,305,"[ 0.10492152  0.14358893  0.0359069   0.17196205  0.07166127  0.0444645
 -0.01106185 -0.16565608  0.05090446 -0.25593783]",0.16525872947492093,78080
305,306,"[ 0.35587718 -0.07684897  0.15800087  0.04400845 -0.02513163 -0.08251855
 -0.04441306  0.00044564 -0.11030812 -0.15532169]",0.20516169094851805,78336
306,307,"[ 0.21752518 -0.19386033  0.19623104  0.09095873 -0.1420299   0.06485888
  0.12149424  0.09625758  0.02225714 -0.03104176]",0.18154365153078905,78592
307,308,"[ 0.14812344 -0.06412611  0.04525749  0.07327601 -0.31399152 -0.19992498
  0.01329124  0.12849682 -0.03716498 -0.11903323]",0.20426922733756875,78848
308,309,"[-0.02433904 -0.06331525 -0.00508164  0.18937464 -0.05846411  0.16437009
  0.24476386 -0.35863737  0.0767969  -0.02132186]",0.2658078639112996,79104
309,310,"[-1.41694090e-01  8.35773062e-02  1.93530350e-01 -6.87211950e-02
 -9.05761811e-02 -4.22075711e-02 -2.09491203e-01  1.68400407e-05
  2.76584429e-01  1.02364133e-01]",0.21008843062877305,79360
310,311,"[-0.00658056  0.24541699  0.1025736   0.01967737 -0.06066987 -0.03265096
  0.19700573  0.35778433  0.09361725  0.16534682]",0.2788529089747275,79616
311,312,"[ 0.02006586 -0.14361562 -0.27481847  0.05359338 -0.10957223  0.10032269
  0.32850582 -0.04927772 -0.00203051 -0.21363907]",0.27748638689002975,79872
312,313,"[ 0.44636678  0.07348627  0.10963058 -0.14822344 -0.20680665 -0.07190433
  0.14177706  0.06375612 -0.1020789  -0.02501291]",0.32178313698581307,80128
313,314,"[ 0.15105545 -0.10048821 -0.20875522  0.16084931 -0.3179355   0.22340558
 -0.03089298  0.12751985  0.15451224 -0.08210556]",0.30119094996296725,80384
314,315,"[-0.08707774  0.08804394  0.12846485  0.13937925 -0.14774053  0.09956872
  0.36807681 -0.28416078  0.05956224 -0.23184792]",0.3565342614595329,80640
315,316,"[-0.10645403 -0.07149786  0.01942364 -0.19731338  0.14287521  0.1524453
 -0.19901136 -0.37707552 -0.04519148 -0.02708089]",0.2839742620688655,80896
316,317,"[ 0.10053429 -0.21501588 -0.07050602 -0.13960972 -0.03740008 -0.02402502
 -0.1447692  -0.0183029   0.09960838  0.00665605]",0.1140361590400101,81152
317,318,"[-0.03088157  0.07933321 -0.02638444  0.10111521 -0.19951421  0.12739159
 -0.02473115 -0.09004773  0.15152165 -0.30756979]",0.2004805990886252,81408
318,319,"[ 0.05288608  0.21487584  0.22631999 -0.10298763 -0.23688491  0.0436853
 -0.22295908  0.11338877 -0.1772681   0.09605955]",0.27203779940127043,81664
319,320,"[ 0.19807753  0.12638319 -0.10437464 -0.05967201  0.16800778  0.0487709
 -0.24754948  0.09193306  0.04396893  0.06651785]",0.17635776900851075,81920
320,321,"[ 0.13877417  0.16106448 -0.07534373 -0.12492105 -0.0789307  -0.05797692
  0.14900759  0.10858413  0.39838833  0.05021284]",0.2713017275949797,82176
321,322,"[-0.01675322 -0.08813648 -0.32922641 -0.07017239  0.09197049  0.2652531
 -0.08002689  0.14942257  0.03263616  0.02393441]",0.2305500630401721,82432
322,323,"[ 0.02915746  0.18656554  0.04172209 -0.0548685  -0.15046771  0.21423117
 -0.26941952 -0.10639018 -0.12218714  0.16640565]",0.23546995832950895,82688
323,324,"[-0.04673911  0.08772665  0.07455011 -0.23485087  0.03230978 -0.06947789
  0.04365327  0.10086463 -0.36797532 -0.13875223]",0.24320155508903696,82944
324,325,"[ 0.04495748 -0.07468758 -0.12650464  0.23765884 -0.10952598  0.05321618
 -0.29676968  0.07919013 -0.11405554  0.02054898]",0.20268670466971525,83200
325,326,"[-0.04866984 -0.05133687  0.17610984 -0.15705882  0.11185196  0.05888885
 -0.08418719  0.03505784 -0.08865825 -0.07227464]",0.09806557791053211,83456
326,327,"[ 0.16159007 -0.01385854  0.01313047  0.18543239  0.09371604 -0.05571622
  0.01166671  0.19382311 -0.10677252  0.0576979 ]",0.12518091213179883,83712
327,328,"[ 0.00554323 -0.06283659  0.12361019  0.17255078 -0.21733741 -0.00425168
  0.04205716  0.1793748   0.25916075 -0.1264872 ]",0.21339347121112007,83968
328,329,"[ 0.02307712 -0.23335036  0.05482914  0.23089744 -0.1935312   0.21408892
  0.05443947  0.03281933 -0.03345336 -0.08311739]",0.20666158921954228,84224
329,330,"[ 0.15120905  0.21198554 -0.05136992 -0.116872    0.22843379  0.09852421
 -0.04748303 -0.14658585  0.0041016  -0.15039803]",0.19236743510181575,84480
330,331,"[ 0.01117061  0.25262988 -0.22029586 -0.11870749  0.07739248  0.23556666
 -0.24635911  0.02984107 -0.16446137 -0.05229435]",0.2794151662668152,84736
331,332,"[-0.24720836 -0.01000055  0.24117395  0.10079906  0.05165348  0.00601496
  0.1758916  -0.17987114  0.08270542 -0.24959373]",0.2646702705502021,84992
332,333,"[ 0.16869346  0.28270435 -0.07576252  0.05064278  0.18705368 -0.17553473
 -0.02527413 -0.12154426 -0.12385603  0.09354524]",0.22198821602571045,85248
333,334,"[-0.10237283  0.25422048 -0.09659162 -0.18317166 -0.10090117  0.19003702
 -0.21372622  0.2420744  -0.13817608  0.02420919]",0.28824278325918196,85504
334,335,"[-0.11735577 -0.12278977  0.04146775 -0.05963783  0.09407586 -0.07246193
 -0.05536741 -0.16339014 -0.2577181   0.04935511]",0.1468433853869095,85760
335,336,"[ 0.18846505  0.2343819   0.06155637  0.18551762  0.2598796  -0.12204161
  0.02605064  0.10751714  0.01324219 -0.09166241]",0.23190741345595664,86016
336,337,"[-0.05095462 -0.23562546 -0.11638384 -0.02681704  0.012193   -0.15365279
  0.05397813  0.14951506  0.2771927  -0.09736332]",0.20772173611140687,86272
337,338,"[-0.01490223 -0.30378306  0.05850669  0.15211955 -0.09380614  0.15909895
  0.01030127 -0.26029087  0.21071304 -0.11783685]",0.2793246433035217,86528
338,339,"[ 0.14924985  0.30941136  0.01441123  0.15507479  0.15660979 -0.02907199
 -0.2678513  -0.0943924   0.15883649 -0.13649431]",0.29215256491470504,86784
339,340,"[-0.08264488  0.13838437 -0.07887431  0.21766823  0.18182724 -0.12699214
 -0.09874848 -0.10134509  0.09537709 -0.26779916]",0.22960444333140423,87040
340,341,"[ 0.03883016  0.19804211 -0.27143657  0.11471898  0.11771016  0.06036504
  0.14079086 -0.11199871  0.19249672 -0.19305297]",0.25175655073917896,87296
341,342,"[-0.15130744 -0.00329057 -0.03035268  0.02578655  0.21268895 -0.08754162
  0.20218525  0.06032023  0.16506589  0.32064232]",0.25196677465190276,87552
342,343,"[-0.09842847  0.08430065  0.09420551  0.0008783   0.09882293  0.15699128
 -0.29643311 -0.21983083 -0.0853914  -0.06798028]",0.20819363591335682,87808
343,344,"[ 0.26356317 -0.09891722 -0.08245502  0.09566661 -0.27264305 -0.01013275
  0.05950319 -0.26512115  0.13303818  0.06694638]",0.26564883244995324,88064
344,345,"[-0.0621071  -0.01881049 -0.04942562 -0.1209446  -0.04830788  0.02432426
 -0.02549249 -0.273099   -0.18648848  0.03530018]",0.13546392368116916,88320
345,346,"[ 0.17282468  0.15450281 -0.08113676 -0.13132836 -0.13261719  0.12964315
  0.1263295  -0.0832806   0.03091587 -0.05052184]",0.1383675154332937,88576
346,347,"[ 0.03625994  0.03529013  0.11537453  0.14209929  0.1183283   0.09828042
  0.00103084 -0.04883166  0.09952934 -0.21276047]",0.1172829964721539,88832
347,348,"[-0.08736909 -0.09847372  0.03787445 -0.28251859  0.0288106  -0.15923203
  0.13233755  0.02887162 -0.14794433  0.14472807]",0.1859470854066391,89088
348,349,"[-0.20063632 -0.0590132  -0.1052433  -0.30952215  0.17214661  0.0297383
  0.02156913 -0.13927041  0.14709837 -0.01020264]",0.22273992419896355,89344
349,350,"[ 0.04193941 -0.1704046  -0.16105666  0.05705595  0.1645114  -0.16377579
 -0.27234423 -0.09414389  0.00040273 -0.01237622]",0.19706556859378996,89600
350,351,"[-0.02554497 -0.06087703  0.13880737 -0.04720694  0.10819086 -0.02571202
 -0.37070208  0.0175016   0.00129018  0.00536709]",0.17597771714711102,89856
351,352,"[ 0.16608058 -0.00212314  0.19814409 -0.24638129 -0.02479215  0.00755093
 -0.33103441  0.04384818  0.20077859  0.03240606]",0.2810923901457923,90112
352,353,"[ 0.13061763 -0.0678557  -0.04046612 -0.09714621  0.17170779  0.14136324
  0.20624654  0.17870707  0.04398893 -0.2807809 ]",0.23745418190078454,90368
353,354,"[-0.2682907  -0.0400775   0.17095671 -0.06005306  0.18836659  0.05302275
  0.00260476 -0.03592325 -0.20815959  0.2443251 ]",0.24903449059352933,90624
354,355,"[-0.19474697  0.14989004 -0.0320625   0.03296362  0.000475   -0.23279141
  0.20212556 -0.0466496  -0.0715226   0.09457961]",0.17379179015397583,90880
355,356,"[-2.36499544e-01  8.54231592e-02  6.94185215e-02  4.69148053e-02
 -8.54491786e-02 -2.07670685e-02 -2.00335529e-01  1.65769090e-01
  3.01338390e-04 -3.08599697e-01]",0.2408294925256293,91136
356,357,"[-0.31692922  0.10345765  0.0844869  -0.18666641 -0.07500878  0.04643613
 -0.05067205 -0.10193902 -0.12263631  0.28975932]",0.2728719797350681,91392
357,358,"[ 0.29251181  0.20911746  0.05490361 -0.12457074 -0.10625558 -0.03866768
  0.05437083 -0.42113819 -0.05219897 -0.19635807]",0.3822057700261177,91648
358,359,"[ 0.04559862 -0.00087736 -0.03834683 -0.31553512  0.01779924  0.09674375
 -0.18942651 -0.34902156 -0.11340963 -0.01897824]",0.28370943141243576,91904
359,360,"[-0.16904452 -0.04077314  0.18877764 -0.13343143  0.08143902 -0.22208436
 -0.12519408 -0.11144416 -0.08363206  0.2262626 ]",0.22591566697671112,92160
360,361,"[-0.20902634 -0.15029641  0.0814552   0.10373749 -0.15400094 -0.00804804
 -0.01491201 -0.16096403  0.17236472  0.25192505]",0.2267661164699299,92416
361,362,"[-0.08792349  0.02145412 -0.03666452 -0.08923319  0.05965648 -0.33259391
  0.06325066 -0.1373865  -0.20469301 -0.00119054]",0.19645161461318286,92672
362,363,"[ 0.15014006  0.02162034  0.24283931  0.22648418  0.06256037  0.03531633
  0.12324787 -0.04942651 -0.15583104  0.1069523 ]",0.19179165733873732,92928
363,364,"[-0.18017621  0.00404987  0.12862498  0.08046093  0.27124332 -0.0074565
 -0.03894211  0.29776527  0.0118823   0.12930596]",0.23616861291970245,93184
364,365,"[-0.18180018 -0.15158781 -0.00253382 -0.11440453  0.16421105 -0.11072626
 -0.07126286  0.21600806 -0.18354094  0.25054965]",0.2565508388620033,93440
365,366,"[-0.05550799 -0.08491053  0.07200436  0.03001799  0.31845748  0.14872633
 -0.22372184 -0.12004046  0.11312059  0.25906211]",0.28428195424300196,93696
366,367,"[ 0.16552745  0.08932662  0.20378772 -0.07539131  0.25903654 -0.13265506
  0.0658925   0.0192883  -0.13003511 -0.02432231]",0.18950372557992565,93952
367,368,"[-0.1271505   0.10107697 -0.12468123  0.05419681  0.00557102 -0.03556157
 -0.24430367 -0.00317746  0.2091249  -0.22614065]",0.2007293618436774,94208
368,369,"[-0.30424784 -0.02333262 -0.0697538   0.0081726   0.26047555  0.06854489
  0.18098535 -0.02266271  0.18175369  0.10565657]",0.24805646748838156,94464
369,370,"[ 0.28674817 -0.13700404  0.11879191  0.06975216  0.01766397  0.08583635
  0.13055078 -0.20003481  0.26513344 -0.10277995]",0.2655682877013691,94720
370,371,"[ 0.25898725  0.10123403  0.24741178  0.22752408  0.00624253  0.24738629
  0.03849857 -0.122615    0.08633696 -0.03620905]",0.2768232086374406,94976
371,372,"[ 0.08877185 -0.18983882  0.27410207  0.10958855 -0.13302765 -0.11159752
  0.07108207  0.00909052  0.03864961  0.07690549]",0.17375471787531105,95232
372,373,"[-2.50589920e-01 -1.36142798e-01 -1.84282282e-01 -4.57482413e-02
 -1.07159953e-04  1.33373674e-01  1.28459824e-01  1.79384341e-01
 -1.41225646e-01 -1.25857086e-01]",0.21963693642576715,95488
373,374,"[ 0.03782979 -0.28233455  0.12018656  0.15341637  0.01918153 -0.03454403
 -0.06351113 -0.00239108  0.05581584  0.06890647]",0.13258939409535414,95744
374,375,"[-0.09955317  0.09303857 -0.27808341  0.03438707  0.02898666 -0.21416586
 -0.31104043  0.11901384 -0.04483094 -0.19836181]",0.2960547655460298,96000
375,376,"[-0.09732179  0.10612936  0.19495317 -0.03968916 -0.02494315 -0.0381504
 -0.05416584 -0.12766696 -0.17111478  0.21869466]",0.15873497029151995,96256
376,377,"[-0.13906311  0.10784359 -0.05099957  0.1313444  -0.01830772  0.31526232
 -0.07377565 -0.16049749  0.26999193  0.14357571]",0.2752585146723447,96512
377,378,"[ 0.08647613 -0.19179777  0.03166158 -0.06829139 -0.06707534  0.26196334
 -0.36538885 -0.07129387  0.08968923 -0.01320108]",0.2698648260730845,96768
378,379,"[-0.07060242 -0.06952892 -0.17744609 -0.26924492  0.10771053 -0.00070162
 -0.15874282  0.03812996  0.17624169  0.23016137]",0.23608952769089434,97024
379,380,"[ 0.01592384 -0.07794111  0.1410196   0.02426078  0.06768451  0.30653227
 -0.05231775 -0.11963995  0.13609393 -0.15255231]",0.18419135423419922,97280
380,381,"[-0.19693282 -0.08118243  0.24808652  0.01696621  0.10481686 -0.01237685
 -0.00468445 -0.08009696 -0.09115176  0.13366739]",0.1509607368479327,97536
381,382,"[ 0.15579321 -0.02313653 -0.24723968  0.15776436 -0.02491856 -0.02540419
  0.05244129 -0.14837181  0.11529815  0.09270573]",0.15874248063791713,97792
382,383,"[-0.05021349 -0.13507974  0.15720246 -0.14268726 -0.06693976 -0.01524019
 -0.22761531  0.13413002 -0.11459174 -0.31714612]",0.2540659157415536,98048
383,384,"[ 0.00846913 -0.19333097  0.16667456  0.03077952 -0.01706237 -0.04597928
 -0.42110358  0.07690058 -0.15011337 -0.0394661 ]",0.27591511697654303,98304
384,385,"[-0.17042691  0.20078127 -0.10222142  0.14959861  0.01184449  0.2316813
 -0.10487699  0.0820431  -0.23399829 -0.13063521]",0.24555494157762373,98560
385,386,"[ 0.11785608 -0.04140901  0.08839669  0.12527494  0.10129052 -0.35523273
 -0.07139314  0.02622947 -0.09927247 -0.0028916 ]",0.1912109584984514,98816
386,387,"[ 0.42698251 -0.05596504  0.06957562 -0.00411287 -0.03239323 -0.04127475
 -0.11477357 -0.1039392  -0.02419011 -0.26909877]",0.29003239745636034,99072
387,388,"[-0.18789278 -0.11036938  0.03918942 -0.31779079  0.02013188 -0.12558151
 -0.13152717  0.06725873 -0.09240138 -0.06130359]",0.20030718287483706,99328
388,389,"[-0.09875123 -0.01818293 -0.0575334   0.15419339  0.00367666  0.16438739
  0.08552512 -0.40342379 -0.12995896 -0.03706777]",0.2525335054330601,99584
389,390,"[ 0.06599851  0.12992325 -0.00138096 -0.07605784 -0.02700643 -0.27490611
  0.00214899 -0.03903848 -0.01469538  0.04506656]",0.10710083935723526,99840
390,391,"[ 0.1742137  -0.25664952  0.18822689 -0.23198354 -0.18877822 -0.03613612
 -0.0120186   0.08402485 -0.18606396 -0.04433942]",0.26619855499796097,100096
